"local_path","size_bytes","image_url"
"assets/jay-portrait.jpg","2483057","https://cdn.jsdelivr.net/gh/Jayjiang007/pictures/abc/portfolio-0001-1b6728ad9a31.jpg"
"PICO OS/1.jpg","492947","https://cdn.jsdelivr.net/gh/Jayjiang007/pictures/abc/portfolio-0002-ee7d86aaac71.jpg"
"PICO OS/16.jpg","1095540","https://cdn.jsdelivr.net/gh/Jayjiang007/pictures/abc/portfolio-0003-68f6feedf628.jpg"
"PICO OS/17.jpg","1081668","https://cdn.jsdelivr.net/gh/Jayjiang007/pictures/abc/portfolio-0004-a61a97583744.jpg"
"PICO OS/19.jpg","712997","https://cdn.jsdelivr.net/gh/Jayjiang007/pictures/abc/portfolio-0005-62b89f9b3db8.jpg"
"PICO OS/2.jpg","570858","https://cdn.jsdelivr.net/gh/Jayjiang007/pictures/abc/portfolio-0006-f6f731b4d156.jpg"
"PICO OS/20.jpg","782460","https://cdn.jsdelivr.net/gh/Jayjiang007/pictures/abc/portfolio-0007-08af772e0c17.jpg"
"PICO OS/21.jpg","748826","https://cdn.jsdelivr.net/gh/Jayjiang007/pictures/abc/portfolio-0008-4559aa2a22fc.jpg"
"PICO OS/3.jpg","711439","https://cdn.jsdelivr.net/gh/Jayjiang007/pictures/abc/portfolio-0009-ad71b00bf565.jpg"
"PICO OS/31.jpg","553274","https://cdn.jsdelivr.net/gh/Jayjiang007/pictures/abc/portfolio-0010-6f4ab33fb000.jpg"
"PICO OS/34.jpg","807303","https://cdn.jsdelivr.net/gh/Jayjiang007/pictures/abc/portfolio-0011-af7495191b5a.jpg"
"PICO OS/35.jpg","599531","https://cdn.jsdelivr.net/gh/Jayjiang007/pictures/abc/portfolio-0012-9894ec4e481b.jpg"
"PICO OS/36.jpg","641471","https://cdn.jsdelivr.net/gh/Jayjiang007/pictures/abc/portfolio-0013-5fd204b452ee.jpg"
"PICO OS/37.jpg","492947","https://cdn.jsdelivr.net/gh/Jayjiang007/pictures/abc/portfolio-0014-ee7d86aaac71.jpg"
"PICO OS/4.jpg","559635","https://cdn.jsdelivr.net/gh/Jayjiang007/pictures/abc/portfolio-0015-59f75a9d364a.jpg"
"PICO OS/5.jpg","461899","https://cdn.jsdelivr.net/gh/Jayjiang007/pictures/abc/portfolio-0016-baf53ca60e6c.jpg"
"PICO OS/6.jpg","962545","https://cdn.jsdelivr.net/gh/Jayjiang007/pictures/abc/portfolio-0017-efb352402952.jpg"
"PICO OS/封面.jpg","100914","https://cdn.jsdelivr.net/gh/Jayjiang007/pictures/abc/portfolio-0018-af61cd826f89.jpg"
"SMART精灵#1 发布会/图片12.jpg","38273","https://cdn.jsdelivr.net/gh/Jayjiang007/pictures/abc/portfolio-0019-9b6652097791.jpg"
"SMART精灵#1 发布会/图片13.jpg","25195","https://cdn.jsdelivr.net/gh/Jayjiang007/pictures/abc/portfolio-0020-3a7476ef79c5.jpg"
"SMART精灵#1 发布会/图片14.jpg","34865","https://cdn.jsdelivr.net/gh/Jayjiang007/pictures/abc/portfolio-0021-ea0d8e3c91eb.jpg"
"SMART精灵#1 发布会/图片15.jpg","29012","https://cdn.jsdelivr.net/gh/Jayjiang007/pictures/abc/portfolio-0022-041196dd4856.jpg"
"SMART精灵#1 发布会/图片16.jpg","20055","https://cdn.jsdelivr.net/gh/Jayjiang007/pictures/abc/portfolio-0023-8fb986516301.jpg"
"SMART精灵#1 发布会/图片17.jpg","11050","https://cdn.jsdelivr.net/gh/Jayjiang007/pictures/abc/portfolio-0024-b7296c14a598.jpg"
"百度AI外部合作手册/1.jpg","890418","https://cdn.jsdelivr.net/gh/Jayjiang007/pictures/abc/portfolio-0025-eb8aeec152bb.jpg"
"百度AI外部合作手册/10.jpg","906245","https://cdn.jsdelivr.net/gh/Jayjiang007/pictures/abc/portfolio-0026-d73a5d015f8f.jpg"
"百度AI外部合作手册/11.jpg","908217","https://cdn.jsdelivr.net/gh/Jayjiang007/pictures/abc/portfolio-0027-a52ae986603e.jpg"
"百度AI外部合作手册/12.jpg","720514","https://cdn.jsdelivr.net/gh/Jayjiang007/pictures/abc/portfolio-0028-e8b99e29a01a.jpg"
"百度AI外部合作手册/13.jpg","898010","https://cdn.jsdelivr.net/gh/Jayjiang007/pictures/abc/portfolio-0029-655e8929e2b3.jpg"
"百度AI外部合作手册/14.jpg","1127154","https://cdn.jsdelivr.net/gh/Jayjiang007/pictures/abc/portfolio-0030-9911e18e2c6d.jpg"
"百度AI外部合作手册/15.jpg","1073141","https://cdn.jsdelivr.net/gh/Jayjiang007/pictures/abc/portfolio-0031-d657ed05ff43.jpg"
"百度AI外部合作手册/16.jpg","1454531","https://cdn.jsdelivr.net/gh/Jayjiang007/pictures/abc/portfolio-0032-af38f257f54f.jpg"
"百度AI外部合作手册/17.jpg","765259","https://cdn.jsdelivr.net/gh/Jayjiang007/pictures/abc/portfolio-0033-983fe089a7d9.jpg"
"百度AI外部合作手册/18.jpg","987346","https://cdn.jsdelivr.net/gh/Jayjiang007/pictures/abc/portfolio-0034-f3dc854724c0.jpg"
"百度AI外部合作手册/19.jpg","1128941","https://cdn.jsdelivr.net/gh/Jayjiang007/pictures/abc/portfolio-0035-94c932069ee7.jpg"
"百度AI外部合作手册/2.jpg","964262","https://cdn.jsdelivr.net/gh/Jayjiang007/pictures/abc/portfolio-0036-bd3561f21741.jpg"
"百度AI外部合作手册/20.jpg","1263882","https://cdn.jsdelivr.net/gh/Jayjiang007/pictures/abc/portfolio-0037-c0bd79068cf5.jpg"
"百度AI外部合作手册/21.jpg","1384586","https://cdn.jsdelivr.net/gh/Jayjiang007/pictures/abc/portfolio-0038-eb9360d64832.jpg"
"百度AI外部合作手册/22.jpg","1362257","https://cdn.jsdelivr.net/gh/Jayjiang007/pictures/abc/portfolio-0039-5232bb8e8d49.jpg"
"百度AI外部合作手册/23.jpg","1217709","https://cdn.jsdelivr.net/gh/Jayjiang007/pictures/abc/portfolio-0040-7df421ef6e9d.jpg"
"百度AI外部合作手册/24.jpg","1181741","https://cdn.jsdelivr.net/gh/Jayjiang007/pictures/abc/portfolio-0041-b51929c6eb44.jpg"
"百度AI外部合作手册/25.jpg","948715","https://cdn.jsdelivr.net/gh/Jayjiang007/pictures/abc/portfolio-0042-61dd9e53685f.jpg"
"百度AI外部合作手册/26.jpg","356697","https://cdn.jsdelivr.net/gh/Jayjiang007/pictures/abc/portfolio-0043-9690bd1d52ca.jpg"
"百度AI外部合作手册/3.jpg","831218","https://cdn.jsdelivr.net/gh/Jayjiang007/pictures/abc/portfolio-0044-67ecda8ecc36.jpg"
"百度AI外部合作手册/4.jpg","915771","https://cdn.jsdelivr.net/gh/Jayjiang007/pictures/abc/portfolio-0045-3a7052e3ee90.jpg"
"百度AI外部合作手册/5.jpg","1065153","https://cdn.jsdelivr.net/gh/Jayjiang007/pictures/abc/portfolio-0046-f8d252c97d45.jpg"
"百度AI外部合作手册/6.jpg","1023885","https://cdn.jsdelivr.net/gh/Jayjiang007/pictures/abc/portfolio-0047-a9c974902ac1.jpg"
"百度AI外部合作手册/7.jpg","747568","https://cdn.jsdelivr.net/gh/Jayjiang007/pictures/abc/portfolio-0048-e82d4bfa7e42.jpg"
"百度AI外部合作手册/8.jpg","720137","https://cdn.jsdelivr.net/gh/Jayjiang007/pictures/abc/portfolio-0049-e81acbac62ab.jpg"
"百度AI外部合作手册/9.jpg","1133998","https://cdn.jsdelivr.net/gh/Jayjiang007/pictures/abc/portfolio-0050-237a37ee3eda.jpg"
"百度AI外部合作手册/封面.jpg","738409","https://cdn.jsdelivr.net/gh/Jayjiang007/pictures/abc/portfolio-0051-0b27451067e3.jpg"
"百度地图V21发布/1.jpg","1142997","https://cdn.jsdelivr.net/gh/Jayjiang007/pictures/abc/portfolio-0052-d77cbac7d50c.jpg"
"百度地图V21发布/10.jpg","1310309","https://cdn.jsdelivr.net/gh/Jayjiang007/pictures/abc/portfolio-0053-b3d15af8c049.jpg"
"百度地图V21发布/11.jpg","572666","https://cdn.jsdelivr.net/gh/Jayjiang007/pictures/abc/portfolio-0054-5e21bc9e190b.jpg"
"百度地图V21发布/12.jpg","749470","https://cdn.jsdelivr.net/gh/Jayjiang007/pictures/abc/portfolio-0055-98ef5fdd4843.jpg"
"百度地图V21发布/19.jpg","503881","https://cdn.jsdelivr.net/gh/Jayjiang007/pictures/abc/portfolio-0056-1af390672ff4.jpg"
"百度地图V21发布/2.jpg","728291","https://cdn.jsdelivr.net/gh/Jayjiang007/pictures/abc/portfolio-0057-1534e3b74d01.jpg"
"百度地图V21发布/20.jpg","1150098","https://cdn.jsdelivr.net/gh/Jayjiang007/pictures/abc/portfolio-0058-07b31227d781.jpg"
"百度地图V21发布/22.jpg","868756","https://cdn.jsdelivr.net/gh/Jayjiang007/pictures/abc/portfolio-0059-1751751644c1.jpg"
"百度地图V21发布/23.jpg","776366","https://cdn.jsdelivr.net/gh/Jayjiang007/pictures/abc/portfolio-0060-98a4b9fea86d.jpg"
"百度地图V21发布/29.jpg","664774","https://cdn.jsdelivr.net/gh/Jayjiang007/pictures/abc/portfolio-0061-9a0c6fc950d1.jpg"
"百度地图V21发布/3.jpg","1079366","https://cdn.jsdelivr.net/gh/Jayjiang007/pictures/abc/portfolio-0062-79784813af9e.jpg"
"百度地图V21发布/34.jpg","800431","https://cdn.jsdelivr.net/gh/Jayjiang007/pictures/abc/portfolio-0063-6142c38a8026.jpg"
"百度地图V21发布/35.jpg","986759","https://cdn.jsdelivr.net/gh/Jayjiang007/pictures/abc/portfolio-0064-0e1308cd5b05.jpg"
"百度地图V21发布/36.jpg","836390","https://cdn.jsdelivr.net/gh/Jayjiang007/pictures/abc/portfolio-0065-10512b5262ab.jpg"
"百度地图V21发布/37.jpg","751715","https://cdn.jsdelivr.net/gh/Jayjiang007/pictures/abc/portfolio-0066-79f088790af9.jpg"
"百度地图V21发布/4.jpg","524865","https://cdn.jsdelivr.net/gh/Jayjiang007/pictures/abc/portfolio-0067-470f89586265.jpg"
"百度地图V21发布/41.jpg","1142401","https://cdn.jsdelivr.net/gh/Jayjiang007/pictures/abc/portfolio-0068-7e232e035278.jpg"
"百度地图V21发布/5.jpg","671893","https://cdn.jsdelivr.net/gh/Jayjiang007/pictures/abc/portfolio-0069-0278c11b57ad.jpg"
"百度地图V21发布/6.jpg","1244733","https://cdn.jsdelivr.net/gh/Jayjiang007/pictures/abc/portfolio-0070-f5e21954f804.jpg"
"百度地图V21发布/7.jpg","948414","https://cdn.jsdelivr.net/gh/Jayjiang007/pictures/abc/portfolio-0071-935a9c9cf289.jpg"
"百度地图V21发布/8.jpg","1236079","https://cdn.jsdelivr.net/gh/Jayjiang007/pictures/abc/portfolio-0072-a173d7621cd4.jpg"
"百度地图V21发布/9.jpg","989361","https://cdn.jsdelivr.net/gh/Jayjiang007/pictures/abc/portfolio-0073-8934bd07f7b8.jpg"
"百度地图V21发布/封面.jpg","114563","https://cdn.jsdelivr.net/gh/Jayjiang007/pictures/abc/portfolio-0074-4c8d8ba5609b.jpg"
"东南试驾活动/1.jpg","1675765","https://cdn.jsdelivr.net/gh/Jayjiang007/pictures/abc/portfolio-0075-ef9aac13283f.jpg"
"东南试驾活动/10.jpg","2987993","https://cdn.jsdelivr.net/gh/Jayjiang007/pictures/abc/portfolio-0076-bec8e08e42b2.jpg"
"东南试驾活动/11.jpg","2127939","https://cdn.jsdelivr.net/gh/Jayjiang007/pictures/abc/portfolio-0077-3167d819cf64.jpg"
"东南试驾活动/12.jpg","1563243","https://cdn.jsdelivr.net/gh/Jayjiang007/pictures/abc/portfolio-0078-dc3dcbf5299b.jpg"
"东南试驾活动/13.jpg","1670205","https://cdn.jsdelivr.net/gh/Jayjiang007/pictures/abc/portfolio-0079-4e72fbed7d4e.jpg"
"东南试驾活动/14.jpg","1602283","https://cdn.jsdelivr.net/gh/Jayjiang007/pictures/abc/portfolio-0080-5d762cd13718.jpg"
"东南试驾活动/15.jpg","961780","https://cdn.jsdelivr.net/gh/Jayjiang007/pictures/abc/portfolio-0081-17983bea18bd.jpg"
"东南试驾活动/16.jpg","891649","https://cdn.jsdelivr.net/gh/Jayjiang007/pictures/abc/portfolio-0082-2982f09d7e2e.jpg"
"东南试驾活动/17.jpg","924788","https://cdn.jsdelivr.net/gh/Jayjiang007/pictures/abc/portfolio-0083-1fbc1c205f3e.jpg"
"东南试驾活动/18.jpg","1401190","https://cdn.jsdelivr.net/gh/Jayjiang007/pictures/abc/portfolio-0084-215f4dc2422b.jpg"
"东南试驾活动/19.jpg","1364008","https://cdn.jsdelivr.net/gh/Jayjiang007/pictures/abc/portfolio-0085-56f3646ff334.jpg"
"东南试驾活动/2.jpg","977541","https://cdn.jsdelivr.net/gh/Jayjiang007/pictures/abc/portfolio-0086-09acb9fc0cea.jpg"
"东南试驾活动/20.jpg","1036765","https://cdn.jsdelivr.net/gh/Jayjiang007/pictures/abc/portfolio-0087-39affa6f1541.jpg"
"东南试驾活动/3.jpg","1429252","https://cdn.jsdelivr.net/gh/Jayjiang007/pictures/abc/portfolio-0088-6216feb3f092.jpg"
"东南试驾活动/4.jpg","479066","https://cdn.jsdelivr.net/gh/Jayjiang007/pictures/abc/portfolio-0089-dc3a3936b604.jpg"
"东南试驾活动/5.jpg","1236925","https://cdn.jsdelivr.net/gh/Jayjiang007/pictures/abc/portfolio-0090-aadf61a514ad.jpg"
"东南试驾活动/6.jpg","2965846","https://cdn.jsdelivr.net/gh/Jayjiang007/pictures/abc/portfolio-0091-559108b03363.jpg"
"东南试驾活动/7.jpg","1034820","https://cdn.jsdelivr.net/gh/Jayjiang007/pictures/abc/portfolio-0092-5f46d43d8491.jpg"
"东南试驾活动/8.jpg","1183622","https://cdn.jsdelivr.net/gh/Jayjiang007/pictures/abc/portfolio-0093-c7879db29150.jpg"
"东南试驾活动/9.jpg","1599969","https://cdn.jsdelivr.net/gh/Jayjiang007/pictures/abc/portfolio-0094-3d91c29cefcb.jpg"
"东南试驾活动/封面.jpg","724681","https://cdn.jsdelivr.net/gh/Jayjiang007/pictures/abc/portfolio-0095-b6b1f6368554.jpg"
"抖音电商女装行业华东年度商家大会/11.jpg","524324","https://cdn.jsdelivr.net/gh/Jayjiang007/pictures/abc/portfolio-0096-a8e62bd1d69b.jpg"
"抖音电商女装行业华东年度商家大会/12.jpg","527023","https://cdn.jsdelivr.net/gh/Jayjiang007/pictures/abc/portfolio-0097-fe960e066e7a.jpg"
"抖音电商女装行业华东年度商家大会/13.jpg","636034","https://cdn.jsdelivr.net/gh/Jayjiang007/pictures/abc/portfolio-0098-0780832618f0.jpg"
"抖音电商女装行业华东年度商家大会/14.jpg","579877","https://cdn.jsdelivr.net/gh/Jayjiang007/pictures/abc/portfolio-0099-bc445cf3fee4.jpg"
"抖音电商女装行业华东年度商家大会/15.jpg","778525","https://cdn.jsdelivr.net/gh/Jayjiang007/pictures/abc/portfolio-0100-82d0ee51311b.jpg"
"抖音电商女装行业华东年度商家大会/16.jpg","570839","https://cdn.jsdelivr.net/gh/Jayjiang007/pictures/abc/portfolio-0101-efcbd476067e.jpg"
"抖音电商女装行业华东年度商家大会/17.jpg","560826","https://cdn.jsdelivr.net/gh/Jayjiang007/pictures/abc/portfolio-0102-8bfcff353828.jpg"
"抖音电商女装行业华东年度商家大会/18.jpg","717862","https://cdn.jsdelivr.net/gh/Jayjiang007/pictures/abc/portfolio-0103-2da6bdedc9a0.jpg"
"抖音电商女装行业华东年度商家大会/19.jpg","470692","https://cdn.jsdelivr.net/gh/Jayjiang007/pictures/abc/portfolio-0104-a409d1a78866.jpg"
"抖音电商女装行业华东年度商家大会/20.jpg","727278","https://cdn.jsdelivr.net/gh/Jayjiang007/pictures/abc/portfolio-0105-9d345dd9aa83.jpg"
"抖音电商女装行业华东年度商家大会/5.jpg","541584","https://cdn.jsdelivr.net/gh/Jayjiang007/pictures/abc/portfolio-0106-4a4b67b4ff97.jpg"
"抖音电商女装行业华东年度商家大会/6.jpg","577104","https://cdn.jsdelivr.net/gh/Jayjiang007/pictures/abc/portfolio-0107-c19cf96c2ccd.jpg"
"抖音电商女装行业华东年度商家大会/7.jpg","573971","https://cdn.jsdelivr.net/gh/Jayjiang007/pictures/abc/portfolio-0108-17e624c47eb3.jpg"
"抖音电商女装行业华东年度商家大会/8.jpg","460905","https://cdn.jsdelivr.net/gh/Jayjiang007/pictures/abc/portfolio-0109-26f691809e77.jpg"
"抖音电商女装行业华东年度商家大会/9.jpg","713717","https://cdn.jsdelivr.net/gh/Jayjiang007/pictures/abc/portfolio-0110-8b3972f407ca.jpg"
"哈佛大狗发布会/11.png","1684644","https://cdn.jsdelivr.net/gh/Jayjiang007/pictures/abc/portfolio-0111-b9e9b81fdbe4.png"
"哈佛大狗发布会/封面.png","863978","https://cdn.jsdelivr.net/gh/Jayjiang007/pictures/abc/portfolio-0112-c035ef0bd4f5.png"
"哈佛大狗发布会/图片39.png","1694706","https://cdn.jsdelivr.net/gh/Jayjiang007/pictures/abc/portfolio-0113-44a1a96d0186.png"
"哈佛大狗发布会/图片40.png","1731128","https://cdn.jsdelivr.net/gh/Jayjiang007/pictures/abc/portfolio-0114-d154307df442.png"
"哈佛大狗发布会/图片41.png","1952693","https://cdn.jsdelivr.net/gh/Jayjiang007/pictures/abc/portfolio-0115-d60a658fbc53.png"
"哈佛大狗发布会/图片42.png","1677934","https://cdn.jsdelivr.net/gh/Jayjiang007/pictures/abc/portfolio-0116-3ac430e9fef2.png"
"哈佛神兽发布会/图片49.jpg","74598","https://cdn.jsdelivr.net/gh/Jayjiang007/pictures/abc/portfolio-0117-1a2f51eaee12.jpg"
"哈佛神兽发布会/图片50.jpg","100172","https://cdn.jsdelivr.net/gh/Jayjiang007/pictures/abc/portfolio-0118-f1bfa9cb4948.jpg"
"哈佛神兽发布会/图片51.jpg","82206","https://cdn.jsdelivr.net/gh/Jayjiang007/pictures/abc/portfolio-0119-d32abd0ff0c4.jpg"
"哈佛神兽发布会/图片52.jpg","88400","https://cdn.jsdelivr.net/gh/Jayjiang007/pictures/abc/portfolio-0120-5e5cc8361692.jpg"
"哈佛神兽发布会/图片53.jpg","121908","https://cdn.jsdelivr.net/gh/Jayjiang007/pictures/abc/portfolio-0121-7a608dc0b8ae.jpg"
"哈佛神兽发布会/图片54.jpg","121719","https://cdn.jsdelivr.net/gh/Jayjiang007/pictures/abc/portfolio-0122-0f92f4df54ba.jpg"
"哈佛神兽发布会/图片55.jpg","119084","https://cdn.jsdelivr.net/gh/Jayjiang007/pictures/abc/portfolio-0123-cbecaddf33c4.jpg"
"哈佛神兽发布会/图片56.jpg","97559","https://cdn.jsdelivr.net/gh/Jayjiang007/pictures/abc/portfolio-0124-478cc601f177.jpg"
"火山引擎AI云介绍/1.jpg","459009","https://cdn.jsdelivr.net/gh/Jayjiang007/pictures/abc/portfolio-0125-3261e8fe8500.jpg"
"火山引擎AI云介绍/10.jpg","755257","https://cdn.jsdelivr.net/gh/Jayjiang007/pictures/abc/portfolio-0126-6a52444f441a.jpg"
"火山引擎AI云介绍/11.jpg","822616","https://cdn.jsdelivr.net/gh/Jayjiang007/pictures/abc/portfolio-0127-26f232c0c00b.jpg"
"火山引擎AI云介绍/12.jpg","872849","https://cdn.jsdelivr.net/gh/Jayjiang007/pictures/abc/portfolio-0128-8f25090a1359.jpg"
"火山引擎AI云介绍/13.jpg","929647","https://cdn.jsdelivr.net/gh/Jayjiang007/pictures/abc/portfolio-0129-ea6d93baee36.jpg"
"火山引擎AI云介绍/14.jpg","749423","https://cdn.jsdelivr.net/gh/Jayjiang007/pictures/abc/portfolio-0130-238b8bac6c20.jpg"
"火山引擎AI云介绍/15.jpg","1285183","https://cdn.jsdelivr.net/gh/Jayjiang007/pictures/abc/portfolio-0131-4c7aea6358d4.jpg"
"火山引擎AI云介绍/16.jpg","1088998","https://cdn.jsdelivr.net/gh/Jayjiang007/pictures/abc/portfolio-0132-01c124fb80b7.jpg"
"火山引擎AI云介绍/17.jpg","1034108","https://cdn.jsdelivr.net/gh/Jayjiang007/pictures/abc/portfolio-0133-38b44b7737ce.jpg"
"火山引擎AI云介绍/18.jpg","921726","https://cdn.jsdelivr.net/gh/Jayjiang007/pictures/abc/portfolio-0134-100f09d0d779.jpg"
"火山引擎AI云介绍/19.jpg","462977","https://cdn.jsdelivr.net/gh/Jayjiang007/pictures/abc/portfolio-0135-2162ffc42296.jpg"
"火山引擎AI云介绍/2.jpg","350813","https://cdn.jsdelivr.net/gh/Jayjiang007/pictures/abc/portfolio-0136-e5ba342e2d48.jpg"
"火山引擎AI云介绍/20.jpg","1049427","https://cdn.jsdelivr.net/gh/Jayjiang007/pictures/abc/portfolio-0137-a0bf83e3a333.jpg"
"火山引擎AI云介绍/21.jpg","935381","https://cdn.jsdelivr.net/gh/Jayjiang007/pictures/abc/portfolio-0138-a7be917f9276.jpg"
"火山引擎AI云介绍/22.jpg","931164","https://cdn.jsdelivr.net/gh/Jayjiang007/pictures/abc/portfolio-0139-6d967a2ec031.jpg"
"火山引擎AI云介绍/23.jpg","298745","https://cdn.jsdelivr.net/gh/Jayjiang007/pictures/abc/portfolio-0140-53d25d260be8.jpg"
"火山引擎AI云介绍/3.jpg","593937","https://cdn.jsdelivr.net/gh/Jayjiang007/pictures/abc/portfolio-0141-86fd528736d2.jpg"
"火山引擎AI云介绍/4.jpg","945961","https://cdn.jsdelivr.net/gh/Jayjiang007/pictures/abc/portfolio-0142-1735496d0359.jpg"
"火山引擎AI云介绍/5.jpg","662938","https://cdn.jsdelivr.net/gh/Jayjiang007/pictures/abc/portfolio-0143-064b18a76a7f.jpg"
"火山引擎AI云介绍/6.jpg","677087","https://cdn.jsdelivr.net/gh/Jayjiang007/pictures/abc/portfolio-0144-6b022a8cffbf.jpg"
"火山引擎AI云介绍/7.jpg","444052","https://cdn.jsdelivr.net/gh/Jayjiang007/pictures/abc/portfolio-0145-ede59f5201d7.jpg"
"火山引擎AI云介绍/8.jpg","848254","https://cdn.jsdelivr.net/gh/Jayjiang007/pictures/abc/portfolio-0146-c66713b2e9f7.jpg"
"火山引擎AI云介绍/9.jpg","710333","https://cdn.jsdelivr.net/gh/Jayjiang007/pictures/abc/portfolio-0147-9d26879064b2.jpg"
"吉利星越L发布会/图片19.jpg","24424","https://cdn.jsdelivr.net/gh/Jayjiang007/pictures/abc/portfolio-0148-6c188ec30c5a.jpg"
"吉利星越L发布会/图片20.jpg","21087","https://cdn.jsdelivr.net/gh/Jayjiang007/pictures/abc/portfolio-0149-293d2586ee20.jpg"
"吉利星越L发布会/图片21.jpg","13484","https://cdn.jsdelivr.net/gh/Jayjiang007/pictures/abc/portfolio-0150-1fb3629f2fa0.jpg"
"吉利星越L发布会/图片22.jpg","19929","https://cdn.jsdelivr.net/gh/Jayjiang007/pictures/abc/portfolio-0151-a78db0abdd25.jpg"
"吉利星越L发布会/图片23.jpg","12154","https://cdn.jsdelivr.net/gh/Jayjiang007/pictures/abc/portfolio-0152-bda3694f644e.jpg"
"吉利星越L发布会/图片24.jpg","14783","https://cdn.jsdelivr.net/gh/Jayjiang007/pictures/abc/portfolio-0153-e9d9ade4f738.jpg"
"京东科技/封面.jpg","175262","https://cdn.jsdelivr.net/gh/Jayjiang007/pictures/abc/portfolio-0154-60bacc1fd4df.jpg"
"京东科技/图片31.jpg","39926","https://cdn.jsdelivr.net/gh/Jayjiang007/pictures/abc/portfolio-0155-a90a9099846f.jpg"
"京东科技/图片32.jpg","40088","https://cdn.jsdelivr.net/gh/Jayjiang007/pictures/abc/portfolio-0156-9d6a88d1f7d1.jpg"
"京东科技/图片33.jpg","48977","https://cdn.jsdelivr.net/gh/Jayjiang007/pictures/abc/portfolio-0157-6864421e034f.jpg"
"京东科技/图片34.jpg","46778","https://cdn.jsdelivr.net/gh/Jayjiang007/pictures/abc/portfolio-0158-93e756b98051.jpg"
"京东科技/图片35.jpg","41835","https://cdn.jsdelivr.net/gh/Jayjiang007/pictures/abc/portfolio-0159-6c71c4590430.jpg"
"京东科技/图片36.jpg","41164","https://cdn.jsdelivr.net/gh/Jayjiang007/pictures/abc/portfolio-0160-c0e1a57a5365.jpg"
"石头科技/1.jpg","529182","https://cdn.jsdelivr.net/gh/Jayjiang007/pictures/abc/portfolio-0161-85d5b4f90481.jpg"
"石头科技/16.jpg","672906","https://cdn.jsdelivr.net/gh/Jayjiang007/pictures/abc/portfolio-0162-f2e88d0bd3b9.jpg"
"石头科技/18.jpg","775287","https://cdn.jsdelivr.net/gh/Jayjiang007/pictures/abc/portfolio-0163-faaddce45831.jpg"
"石头科技/19.jpg","535153","https://cdn.jsdelivr.net/gh/Jayjiang007/pictures/abc/portfolio-0164-81faf80c247a.jpg"
"石头科技/20.jpg","804026","https://cdn.jsdelivr.net/gh/Jayjiang007/pictures/abc/portfolio-0165-743d20e43847.jpg"
"石头科技/21.jpg","764706","https://cdn.jsdelivr.net/gh/Jayjiang007/pictures/abc/portfolio-0166-734be1998563.jpg"
"石头科技/22.jpg","496888","https://cdn.jsdelivr.net/gh/Jayjiang007/pictures/abc/portfolio-0167-e2d3550bcec8.jpg"
"石头科技/24.jpg","719307","https://cdn.jsdelivr.net/gh/Jayjiang007/pictures/abc/portfolio-0168-d3c74d516965.jpg"
"石头科技/25.jpg","456528","https://cdn.jsdelivr.net/gh/Jayjiang007/pictures/abc/portfolio-0169-e3faee897f1c.jpg"
"石头科技/26.jpg","505704","https://cdn.jsdelivr.net/gh/Jayjiang007/pictures/abc/portfolio-0170-afa12b631a16.jpg"
"石头科技/27.jpg","708042","https://cdn.jsdelivr.net/gh/Jayjiang007/pictures/abc/portfolio-0171-7d3790f99bb7.jpg"
"石头科技/28.jpg","677817","https://cdn.jsdelivr.net/gh/Jayjiang007/pictures/abc/portfolio-0172-99ba7ea94a8a.jpg"
"石头科技/29.jpg","929746","https://cdn.jsdelivr.net/gh/Jayjiang007/pictures/abc/portfolio-0173-d6d690afcbfd.jpg"
"石头科技/30.jpg","580581","https://cdn.jsdelivr.net/gh/Jayjiang007/pictures/abc/portfolio-0174-342c604badc4.jpg"
"石头科技/32.jpg","496407","https://cdn.jsdelivr.net/gh/Jayjiang007/pictures/abc/portfolio-0175-32dd53f1456e.jpg"
"石头科技/33.jpg","851529","https://cdn.jsdelivr.net/gh/Jayjiang007/pictures/abc/portfolio-0176-06ac54ed13b4.jpg"
"石头科技/34.jpg","935273","https://cdn.jsdelivr.net/gh/Jayjiang007/pictures/abc/portfolio-0177-badd1370d7a1.jpg"
"石头科技/35.jpg","893509","https://cdn.jsdelivr.net/gh/Jayjiang007/pictures/abc/portfolio-0178-9ae53684dc50.jpg"
"石头科技/36.jpg","779786","https://cdn.jsdelivr.net/gh/Jayjiang007/pictures/abc/portfolio-0179-6496cb89ae04.jpg"
"石头科技/37.jpg","891342","https://cdn.jsdelivr.net/gh/Jayjiang007/pictures/abc/portfolio-0180-cc36ad2d1d77.jpg"
"石头科技/38.jpg","919740","https://cdn.jsdelivr.net/gh/Jayjiang007/pictures/abc/portfolio-0181-b0b001a22ac0.jpg"
"石头科技/39.jpg","680446","https://cdn.jsdelivr.net/gh/Jayjiang007/pictures/abc/portfolio-0182-57b296d1531e.jpg"
"石头科技/40.jpg","1175703","https://cdn.jsdelivr.net/gh/Jayjiang007/pictures/abc/portfolio-0183-2668b40b6804.jpg"
"石头科技/41.jpg","580736","https://cdn.jsdelivr.net/gh/Jayjiang007/pictures/abc/portfolio-0184-9419e5b30293.jpg"
"石头科技/42.jpg","620353","https://cdn.jsdelivr.net/gh/Jayjiang007/pictures/abc/portfolio-0185-dff383405b9d.jpg"
"石头科技/43.jpg","821779","https://cdn.jsdelivr.net/gh/Jayjiang007/pictures/abc/portfolio-0186-98c061c0c453.jpg"
"石头科技/44.jpg","622840","https://cdn.jsdelivr.net/gh/Jayjiang007/pictures/abc/portfolio-0187-3bddfba6fdbd.jpg"
"石头科技/45.jpg","1528939","https://cdn.jsdelivr.net/gh/Jayjiang007/pictures/abc/portfolio-0188-4a3ff33f5456.jpg"
"石头科技/46.jpg","746219","https://cdn.jsdelivr.net/gh/Jayjiang007/pictures/abc/portfolio-0189-98eb822dbcb4.jpg"
"石头科技/47.jpg","726126","https://cdn.jsdelivr.net/gh/Jayjiang007/pictures/abc/portfolio-0190-5e986a650f5d.jpg"
"石头科技/48.jpg","1175575","https://cdn.jsdelivr.net/gh/Jayjiang007/pictures/abc/portfolio-0191-04c59ae98102.jpg"
"石头科技/50.jpg","765633","https://cdn.jsdelivr.net/gh/Jayjiang007/pictures/abc/portfolio-0192-89e513936d9c.jpg"
"石头科技/51.jpg","1322276","https://cdn.jsdelivr.net/gh/Jayjiang007/pictures/abc/portfolio-0193-d7c6a881f995.jpg"
"石头科技/52.jpg","571048","https://cdn.jsdelivr.net/gh/Jayjiang007/pictures/abc/portfolio-0194-c2174ca52522.jpg"
"石头科技/53.jpg","684733","https://cdn.jsdelivr.net/gh/Jayjiang007/pictures/abc/portfolio-0195-d64e8df7c6f2.jpg"
"石头科技/54.jpg","964036","https://cdn.jsdelivr.net/gh/Jayjiang007/pictures/abc/portfolio-0196-560201330b37.jpg"
"石头科技/55.jpg","709496","https://cdn.jsdelivr.net/gh/Jayjiang007/pictures/abc/portfolio-0197-b73fe37763f5.jpg"
"石头科技/56.jpg","1415693","https://cdn.jsdelivr.net/gh/Jayjiang007/pictures/abc/portfolio-0198-c7bc47d63d68.jpg"
"石头科技/57.jpg","766340","https://cdn.jsdelivr.net/gh/Jayjiang007/pictures/abc/portfolio-0199-56f9c3cc6266.jpg"
"石头科技/59.jpg","1282355","https://cdn.jsdelivr.net/gh/Jayjiang007/pictures/abc/portfolio-0200-142c90c98711.jpg"
"石头科技/68.jpg","515736","https://cdn.jsdelivr.net/gh/Jayjiang007/pictures/abc/portfolio-0201-8015bc02cbbc.jpg"
"石头科技/7.jpg","688488","https://cdn.jsdelivr.net/gh/Jayjiang007/pictures/abc/portfolio-0202-5609205aba62.jpg"
"石头科技/封面.jpg","532662","https://cdn.jsdelivr.net/gh/Jayjiang007/pictures/abc/portfolio-0203-1ab73628f88d.jpg"
"腾讯数字大会/1.jpg","667048","https://cdn.jsdelivr.net/gh/Jayjiang007/pictures/abc/portfolio-0204-39a61dfd5689.jpg"
"腾讯数字大会/10.jpg","785605","https://cdn.jsdelivr.net/gh/Jayjiang007/pictures/abc/portfolio-0205-c5680448b8be.jpg"
"腾讯数字大会/11.jpg","484749","https://cdn.jsdelivr.net/gh/Jayjiang007/pictures/abc/portfolio-0206-bf4f7de03aa2.jpg"
"腾讯数字大会/12.jpg","767993","https://cdn.jsdelivr.net/gh/Jayjiang007/pictures/abc/portfolio-0207-16f77ecf816a.jpg"
"腾讯数字大会/14.jpg","663385","https://cdn.jsdelivr.net/gh/Jayjiang007/pictures/abc/portfolio-0208-cea28999ad33.jpg"
"腾讯数字大会/15.jpg","820073","https://cdn.jsdelivr.net/gh/Jayjiang007/pictures/abc/portfolio-0209-ee2c997a20a8.jpg"
"腾讯数字大会/17.jpg","729897","https://cdn.jsdelivr.net/gh/Jayjiang007/pictures/abc/portfolio-0210-875f708937ef.jpg"
"腾讯数字大会/18.jpg","812569","https://cdn.jsdelivr.net/gh/Jayjiang007/pictures/abc/portfolio-0211-bdf0f0a370bc.jpg"
"腾讯数字大会/19.jpg","534187","https://cdn.jsdelivr.net/gh/Jayjiang007/pictures/abc/portfolio-0212-39166c7b789e.jpg"
"腾讯数字大会/2.jpg","594695","https://cdn.jsdelivr.net/gh/Jayjiang007/pictures/abc/portfolio-0213-fccde46c68a5.jpg"
"腾讯数字大会/20.jpg","484180","https://cdn.jsdelivr.net/gh/Jayjiang007/pictures/abc/portfolio-0214-ba49ac1300b0.jpg"
"腾讯数字大会/3.jpg","704617","https://cdn.jsdelivr.net/gh/Jayjiang007/pictures/abc/portfolio-0215-e675beda024c.jpg"
"腾讯数字大会/4.jpg","790532","https://cdn.jsdelivr.net/gh/Jayjiang007/pictures/abc/portfolio-0216-c008287378f8.jpg"
"腾讯数字大会/5.jpg","724550","https://cdn.jsdelivr.net/gh/Jayjiang007/pictures/abc/portfolio-0217-4daff4d25104.jpg"
"腾讯数字大会/TENCENT/10.jpg","736678","https://cdn.jsdelivr.net/gh/Jayjiang007/pictures/abc/portfolio-0218-7da5453bae7f.jpg"
"腾讯数字大会/TENCENT/11.jpg","812641","https://cdn.jsdelivr.net/gh/Jayjiang007/pictures/abc/portfolio-0219-14f72cc22eb7.jpg"
"腾讯数字大会/TENCENT/12.jpg","831585","https://cdn.jsdelivr.net/gh/Jayjiang007/pictures/abc/portfolio-0220-31cbb212622f.jpg"
"腾讯数字大会/TENCENT/13.jpg","817686","https://cdn.jsdelivr.net/gh/Jayjiang007/pictures/abc/portfolio-0221-e3d980a2e44c.jpg"
"腾讯数字大会/TENCENT/14.jpg","762627","https://cdn.jsdelivr.net/gh/Jayjiang007/pictures/abc/portfolio-0222-cd2475072c63.jpg"
"腾讯数字大会/TENCENT/18.jpg","843140","https://cdn.jsdelivr.net/gh/Jayjiang007/pictures/abc/portfolio-0223-74ebd3185e39.jpg"
"腾讯数字大会/TENCENT/19.jpg","486868","https://cdn.jsdelivr.net/gh/Jayjiang007/pictures/abc/portfolio-0224-4180896a5f27.jpg"
"腾讯数字大会/TENCENT/3.jpg","735772","https://cdn.jsdelivr.net/gh/Jayjiang007/pictures/abc/portfolio-0225-30defc8cc095.jpg"
"腾讯数字大会/TENCENT/4.jpg","948219","https://cdn.jsdelivr.net/gh/Jayjiang007/pictures/abc/portfolio-0226-054efddee829.jpg"
"腾讯数字大会/TENCENT/6.jpg","794538","https://cdn.jsdelivr.net/gh/Jayjiang007/pictures/abc/portfolio-0227-a0c68b250f16.jpg"
"腾讯数字大会/TENCENT/7.jpg","731158","https://cdn.jsdelivr.net/gh/Jayjiang007/pictures/abc/portfolio-0228-961bb7395060.jpg"
"腾讯数字大会/TENCENT/9.jpg","831262","https://cdn.jsdelivr.net/gh/Jayjiang007/pictures/abc/portfolio-0229-303875a20c65.jpg"
"小红书母婴行业 - 买手大会/1.jpg","279596","https://cdn.jsdelivr.net/gh/Jayjiang007/pictures/abc/portfolio-0230-741d91b91a95.jpg"
"小红书母婴行业 - 买手大会/10.jpg","777160","https://cdn.jsdelivr.net/gh/Jayjiang007/pictures/abc/portfolio-0231-954f0de4a788.jpg"
"小红书母婴行业 - 买手大会/11.jpg","644702","https://cdn.jsdelivr.net/gh/Jayjiang007/pictures/abc/portfolio-0232-ab6e61873a1d.jpg"
"小红书母婴行业 - 买手大会/12.jpg","632116","https://cdn.jsdelivr.net/gh/Jayjiang007/pictures/abc/portfolio-0233-43726e70219b.jpg"
"小红书母婴行业 - 买手大会/2.jpg","339646","https://cdn.jsdelivr.net/gh/Jayjiang007/pictures/abc/portfolio-0234-3575bb0b390e.jpg"
"小红书母婴行业 - 买手大会/3.jpg","967408","https://cdn.jsdelivr.net/gh/Jayjiang007/pictures/abc/portfolio-0235-1a48063aa3af.jpg"
"小红书母婴行业 - 买手大会/4.jpg","699494","https://cdn.jsdelivr.net/gh/Jayjiang007/pictures/abc/portfolio-0236-80a01b2b3fea.jpg"
"小红书母婴行业 - 买手大会/5.jpg","638821","https://cdn.jsdelivr.net/gh/Jayjiang007/pictures/abc/portfolio-0237-99d5387af8e6.jpg"
"小红书母婴行业 - 买手大会/6.jpg","610725","https://cdn.jsdelivr.net/gh/Jayjiang007/pictures/abc/portfolio-0238-9f498045032b.jpg"
"小红书母婴行业 - 买手大会/7.jpg","636593","https://cdn.jsdelivr.net/gh/Jayjiang007/pictures/abc/portfolio-0239-6adabec3faba.jpg"
"小红书母婴行业 - 买手大会/8.jpg","524170","https://cdn.jsdelivr.net/gh/Jayjiang007/pictures/abc/portfolio-0240-b7aa40054847.jpg"
"小红书母婴行业 - 买手大会/9.jpg","608705","https://cdn.jsdelivr.net/gh/Jayjiang007/pictures/abc/portfolio-0241-da0a3e1d33f2.jpg"
"小红书生活服务大会/【上台版】美奈子-演讲0829-2225/1.jpg","75886","https://cdn.jsdelivr.net/gh/Jayjiang007/pictures/abc/portfolio-0242-69323e74075c.jpg"
"小红书生活服务大会/【上台版】美奈子-演讲0829-2225/10.jpg","158644","https://cdn.jsdelivr.net/gh/Jayjiang007/pictures/abc/portfolio-0243-de9bf6c4fbdc.jpg"
"小红书生活服务大会/【上台版】美奈子-演讲0829-2225/11.jpg","51933","https://cdn.jsdelivr.net/gh/Jayjiang007/pictures/abc/portfolio-0244-b235df83eee1.jpg"
"小红书生活服务大会/【上台版】美奈子-演讲0829-2225/12.jpg","90068","https://cdn.jsdelivr.net/gh/Jayjiang007/pictures/abc/portfolio-0245-694c5e309a65.jpg"
"小红书生活服务大会/【上台版】美奈子-演讲0829-2225/13.jpg","60736","https://cdn.jsdelivr.net/gh/Jayjiang007/pictures/abc/portfolio-0246-439948076623.jpg"
"小红书生活服务大会/【上台版】美奈子-演讲0829-2225/14.jpg","133084","https://cdn.jsdelivr.net/gh/Jayjiang007/pictures/abc/portfolio-0247-0d066b761156.jpg"
"小红书生活服务大会/【上台版】美奈子-演讲0829-2225/15.jpg","164765","https://cdn.jsdelivr.net/gh/Jayjiang007/pictures/abc/portfolio-0248-2f56a720674c.jpg"
"小红书生活服务大会/【上台版】美奈子-演讲0829-2225/16.jpg","85238","https://cdn.jsdelivr.net/gh/Jayjiang007/pictures/abc/portfolio-0249-fd4099086c7f.jpg"
"小红书生活服务大会/【上台版】美奈子-演讲0829-2225/17.jpg","117413","https://cdn.jsdelivr.net/gh/Jayjiang007/pictures/abc/portfolio-0250-0437e70d7e35.jpg"
"小红书生活服务大会/【上台版】美奈子-演讲0829-2225/18.jpg","33971","https://cdn.jsdelivr.net/gh/Jayjiang007/pictures/abc/portfolio-0251-04e0e8e95d48.jpg"
"小红书生活服务大会/【上台版】美奈子-演讲0829-2225/19.jpg","49229","https://cdn.jsdelivr.net/gh/Jayjiang007/pictures/abc/portfolio-0252-1d4313a57b94.jpg"
"小红书生活服务大会/【上台版】美奈子-演讲0829-2225/2.jpg","130959","https://cdn.jsdelivr.net/gh/Jayjiang007/pictures/abc/portfolio-0253-8b0c0fe29718.jpg"
"小红书生活服务大会/【上台版】美奈子-演讲0829-2225/3.jpg","51973","https://cdn.jsdelivr.net/gh/Jayjiang007/pictures/abc/portfolio-0254-032aa66fa2dd.jpg"
"小红书生活服务大会/【上台版】美奈子-演讲0829-2225/4.jpg","166527","https://cdn.jsdelivr.net/gh/Jayjiang007/pictures/abc/portfolio-0255-3608fc6e303f.jpg"
"小红书生活服务大会/【上台版】美奈子-演讲0829-2225/5.jpg","172983","https://cdn.jsdelivr.net/gh/Jayjiang007/pictures/abc/portfolio-0256-543fc779e070.jpg"
"小红书生活服务大会/【上台版】美奈子-演讲0829-2225/6.jpg","42429","https://cdn.jsdelivr.net/gh/Jayjiang007/pictures/abc/portfolio-0257-191fff6cf919.jpg"
"小红书生活服务大会/【上台版】美奈子-演讲0829-2225/7.jpg","121559","https://cdn.jsdelivr.net/gh/Jayjiang007/pictures/abc/portfolio-0258-5d7ca9939874.jpg"
"小红书生活服务大会/【上台版】美奈子-演讲0829-2225/8.jpg","166368","https://cdn.jsdelivr.net/gh/Jayjiang007/pictures/abc/portfolio-0259-67f9345fd6ad.jpg"
"小红书生活服务大会/【上台版】美奈子-演讲0829-2225/9.jpg","198016","https://cdn.jsdelivr.net/gh/Jayjiang007/pictures/abc/portfolio-0260-f0ded796f62d.jpg"
"小红书生活服务大会/4-苍响-Final-带题词-08292215/1.jpg","76541","https://cdn.jsdelivr.net/gh/Jayjiang007/pictures/abc/portfolio-0261-47d2fe75c8f5.jpg"
"小红书生活服务大会/4-苍响-Final-带题词-08292215/10.jpg","59943","https://cdn.jsdelivr.net/gh/Jayjiang007/pictures/abc/portfolio-0262-02179e6f64cf.jpg"
"小红书生活服务大会/4-苍响-Final-带题词-08292215/11.jpg","88413","https://cdn.jsdelivr.net/gh/Jayjiang007/pictures/abc/portfolio-0263-e5808b1a6364.jpg"
"小红书生活服务大会/4-苍响-Final-带题词-08292215/12.jpg","85986","https://cdn.jsdelivr.net/gh/Jayjiang007/pictures/abc/portfolio-0264-f99e4e31b335.jpg"
"小红书生活服务大会/4-苍响-Final-带题词-08292215/13.jpg","88612","https://cdn.jsdelivr.net/gh/Jayjiang007/pictures/abc/portfolio-0265-612cbfb0bc8f.jpg"
"小红书生活服务大会/4-苍响-Final-带题词-08292215/14.jpg","33617","https://cdn.jsdelivr.net/gh/Jayjiang007/pictures/abc/portfolio-0266-3af0f505fca1.jpg"
"小红书生活服务大会/4-苍响-Final-带题词-08292215/15.jpg","95648","https://cdn.jsdelivr.net/gh/Jayjiang007/pictures/abc/portfolio-0267-5d875d1e80a0.jpg"
"小红书生活服务大会/4-苍响-Final-带题词-08292215/16.jpg","114756","https://cdn.jsdelivr.net/gh/Jayjiang007/pictures/abc/portfolio-0268-839e32369aae.jpg"
"小红书生活服务大会/4-苍响-Final-带题词-08292215/17.jpg","108083","https://cdn.jsdelivr.net/gh/Jayjiang007/pictures/abc/portfolio-0269-8990f7fd5e5b.jpg"
"小红书生活服务大会/4-苍响-Final-带题词-08292215/18.jpg","79095","https://cdn.jsdelivr.net/gh/Jayjiang007/pictures/abc/portfolio-0270-a1527d94a283.jpg"
"小红书生活服务大会/4-苍响-Final-带题词-08292215/19.jpg","32559","https://cdn.jsdelivr.net/gh/Jayjiang007/pictures/abc/portfolio-0271-41ce5bdc847c.jpg"
"小红书生活服务大会/4-苍响-Final-带题词-08292215/2.jpg","56851","https://cdn.jsdelivr.net/gh/Jayjiang007/pictures/abc/portfolio-0272-e86e4f30b1ce.jpg"
"小红书生活服务大会/4-苍响-Final-带题词-08292215/20.jpg","84903","https://cdn.jsdelivr.net/gh/Jayjiang007/pictures/abc/portfolio-0273-e56e8c3767e4.jpg"
"小红书生活服务大会/4-苍响-Final-带题词-08292215/21.jpg","94276","https://cdn.jsdelivr.net/gh/Jayjiang007/pictures/abc/portfolio-0274-e04049f6cc2e.jpg"
"小红书生活服务大会/4-苍响-Final-带题词-08292215/22.jpg","84401","https://cdn.jsdelivr.net/gh/Jayjiang007/pictures/abc/portfolio-0275-bc94b781b506.jpg"
"小红书生活服务大会/4-苍响-Final-带题词-08292215/23.jpg","79635","https://cdn.jsdelivr.net/gh/Jayjiang007/pictures/abc/portfolio-0276-68ae1200b4a2.jpg"
"小红书生活服务大会/4-苍响-Final-带题词-08292215/24.jpg","49525","https://cdn.jsdelivr.net/gh/Jayjiang007/pictures/abc/portfolio-0277-af732504887b.jpg"
"小红书生活服务大会/4-苍响-Final-带题词-08292215/4.jpg","79635","https://cdn.jsdelivr.net/gh/Jayjiang007/pictures/abc/portfolio-0278-68ae1200b4a2.jpg"
"小红书生活服务大会/4-苍响-Final-带题词-08292215/5.jpg","33297","https://cdn.jsdelivr.net/gh/Jayjiang007/pictures/abc/portfolio-0279-a87559bde7e8.jpg"
"小红书生活服务大会/4-苍响-Final-带题词-08292215/6.jpg","82993","https://cdn.jsdelivr.net/gh/Jayjiang007/pictures/abc/portfolio-0280-fbf89b70a9cf.jpg"
"小红书生活服务大会/4-苍响-Final-带题词-08292215/7.jpg","108650","https://cdn.jsdelivr.net/gh/Jayjiang007/pictures/abc/portfolio-0281-df4250dbdbf4.jpg"
"小红书生活服务大会/4-苍响-Final-带题词-08292215/8.jpg","109347","https://cdn.jsdelivr.net/gh/Jayjiang007/pictures/abc/portfolio-0282-4b16807af1b3.jpg"
"小红书生活服务大会/4-苍响-Final-带题词-08292215/9.jpg","33582","https://cdn.jsdelivr.net/gh/Jayjiang007/pictures/abc/portfolio-0283-a2fa871cf9f1.jpg"
"小红书生活服务大会/生服大会-觅阳-0829-final-美化/1.jpg","68214","https://cdn.jsdelivr.net/gh/Jayjiang007/pictures/abc/portfolio-0284-19fc33c32b59.jpg"
"小红书生活服务大会/生服大会-觅阳-0829-final-美化/10.jpg","125679","https://cdn.jsdelivr.net/gh/Jayjiang007/pictures/abc/portfolio-0285-730849df90cf.jpg"
"小红书生活服务大会/生服大会-觅阳-0829-final-美化/11.jpg","112548","https://cdn.jsdelivr.net/gh/Jayjiang007/pictures/abc/portfolio-0286-4b84cd77f478.jpg"
"小红书生活服务大会/生服大会-觅阳-0829-final-美化/12.jpg","106003","https://cdn.jsdelivr.net/gh/Jayjiang007/pictures/abc/portfolio-0287-2a488409bec4.jpg"
"小红书生活服务大会/生服大会-觅阳-0829-final-美化/13.jpg","65525","https://cdn.jsdelivr.net/gh/Jayjiang007/pictures/abc/portfolio-0288-4a54d002e1f5.jpg"
"小红书生活服务大会/生服大会-觅阳-0829-final-美化/14.jpg","57671","https://cdn.jsdelivr.net/gh/Jayjiang007/pictures/abc/portfolio-0289-88e364c69f15.jpg"
"小红书生活服务大会/生服大会-觅阳-0829-final-美化/15.jpg","120724","https://cdn.jsdelivr.net/gh/Jayjiang007/pictures/abc/portfolio-0290-2e24290e3223.jpg"
"小红书生活服务大会/生服大会-觅阳-0829-final-美化/16.jpg","83718","https://cdn.jsdelivr.net/gh/Jayjiang007/pictures/abc/portfolio-0291-5a8ebf5312f1.jpg"
"小红书生活服务大会/生服大会-觅阳-0829-final-美化/17.jpg","114715","https://cdn.jsdelivr.net/gh/Jayjiang007/pictures/abc/portfolio-0292-a0a0e1b0bec3.jpg"
"小红书生活服务大会/生服大会-觅阳-0829-final-美化/18.jpg","77880","https://cdn.jsdelivr.net/gh/Jayjiang007/pictures/abc/portfolio-0293-12843b583f29.jpg"
"小红书生活服务大会/生服大会-觅阳-0829-final-美化/19.jpg","86498","https://cdn.jsdelivr.net/gh/Jayjiang007/pictures/abc/portfolio-0294-34c307acb4fe.jpg"
"小红书生活服务大会/生服大会-觅阳-0829-final-美化/2.jpg","147823","https://cdn.jsdelivr.net/gh/Jayjiang007/pictures/abc/portfolio-0295-62ce79580284.jpg"
"小红书生活服务大会/生服大会-觅阳-0829-final-美化/20.jpg","77230","https://cdn.jsdelivr.net/gh/Jayjiang007/pictures/abc/portfolio-0296-dc4e07b3277b.jpg"
"小红书生活服务大会/生服大会-觅阳-0829-final-美化/21.jpg","112465","https://cdn.jsdelivr.net/gh/Jayjiang007/pictures/abc/portfolio-0297-76111b70db7d.jpg"
"小红书生活服务大会/生服大会-觅阳-0829-final-美化/22.jpg","75790","https://cdn.jsdelivr.net/gh/Jayjiang007/pictures/abc/portfolio-0298-471740886e78.jpg"
"小红书生活服务大会/生服大会-觅阳-0829-final-美化/23.jpg","29554","https://cdn.jsdelivr.net/gh/Jayjiang007/pictures/abc/portfolio-0299-c7995c724350.jpg"
"小红书生活服务大会/生服大会-觅阳-0829-final-美化/24.jpg","91658","https://cdn.jsdelivr.net/gh/Jayjiang007/pictures/abc/portfolio-0300-ced665f47dd8.jpg"
"小红书生活服务大会/生服大会-觅阳-0829-final-美化/3.jpg","38025","https://cdn.jsdelivr.net/gh/Jayjiang007/pictures/abc/portfolio-0301-57f2e34ca55f.jpg"
"小红书生活服务大会/生服大会-觅阳-0829-final-美化/4.jpg","138725","https://cdn.jsdelivr.net/gh/Jayjiang007/pictures/abc/portfolio-0302-933baf57c38b.jpg"
"小红书生活服务大会/生服大会-觅阳-0829-final-美化/5.jpg","126440","https://cdn.jsdelivr.net/gh/Jayjiang007/pictures/abc/portfolio-0303-25baecf8777d.jpg"
"小红书生活服务大会/生服大会-觅阳-0829-final-美化/6.jpg","99347","https://cdn.jsdelivr.net/gh/Jayjiang007/pictures/abc/portfolio-0304-c507b8276273.jpg"
"小红书生活服务大会/生服大会-觅阳-0829-final-美化/7.jpg","115667","https://cdn.jsdelivr.net/gh/Jayjiang007/pictures/abc/portfolio-0305-f84640bcf1d7.jpg"
"小红书生活服务大会/生服大会-觅阳-0829-final-美化/8.jpg","77154","https://cdn.jsdelivr.net/gh/Jayjiang007/pictures/abc/portfolio-0306-94a9e21cab6e.jpg"
"小红书生活服务大会/生服大会-觅阳-0829-final-美化/9.jpg","36114","https://cdn.jsdelivr.net/gh/Jayjiang007/pictures/abc/portfolio-0307-95fefdd38a86.jpg"
